{"loss": [1.4304287433624268, 0.4436666667461395, 0.2621822655200958], "accuracy": [0.5780069828033447, 0.8589800000190735, 0.9148018956184387], "val_loss": [0.5047956705093384, 0.270138680934906, 0.2715509533882141], "val_accuracy": [0.8414523005485535, 0.9139540195465088, 0.9103118777275085]}